mean_absolute_error,mean_squared_error,mean_squared_log_error,median_absolute_error,r2_score,explained_variance
2.9026181296843676,26.472450127412085,0.044804695494026568,2.0994684968294113,0.90740297214478949,0.9074034251487